活動,活動 ID,產品,售往海外,網址,
每满100元/可减50元现金,200142307784,平衡掌控者――游戏数值战斗设计(博文视点出品),Y,https://item.jd.com/12201276.html
每满100元/可减50元现金,200142307784,游戏设计：深层设计思想与技巧,Y,https://item.jd.com/12390889.html
每满100元/可减50元现金,200142307784,游戏设计艺术（第3版） [The Art of Game Design](博文视点出品),Y,https://item.jd.com/12851117.html
每满100元/可减50元现金,200142307784,大迷宫（包含82个有趣的迷宫游戏）,Y,https://item.jd.com/12332412.html
每满100元/可减50元现金,200142307784,体验引擎：游戏设计全景探秘(博文视点出品),Y,https://item.jd.com/11653602.html
每满100元/可减50元现金,200142307784,游戏感：游戏操控感和体验设计指南(博文视点出品),Y,https://item.jd.com/12804818.html
每满100元/可减50元现金,200142307784,创新游戏：一起玩/协同共创突破性产品,Y,https://item.jd.com/12876384.html
每满100元/可减50元现金,200142307784,必玩！77款激发游戏设计师创造力的游戏（全彩）(博文视点出品),Y,https://item.jd.com/12660135.html
每满100元/可减50元现金,200142307784,3D数学基础：图形和游戏开发（第2版）,Y,https://item.jd.com/12659881.html
每满100元/可减50元现金,200142307784,腾讯游戏开发精粹(博文视点出品),Y,https://item.jd.com/12694230.html
每满100元/可减50元现金,200142307784,游戏引擎架构（第2版）(博文视点出品),Y,https://item.jd.com/12731624.html
每满100元/可减50元现金,200142307784,游戏情感设计：如何触动玩家的心灵(博文视点出品),Y,https://item.jd.com/12161084.html
每满100元/可减50元现金,200142307784,越玩越聪明的数学思维游戏（套装6册）,Y,https://item.jd.com/12843602.html
每满100元/可减50元现金,200142307784,迪士尼爱与梦想绘本（套装共15册）,Y,https://item.jd.com/12419188.html
每满100元/可减50元现金,200142307784,奇先生妙小姐绘本·全新译本（套装共90册）从孩子的思维出发/用幽默搞笑的故事说出了让孩子受益终生的道理/在欢笑中做最好的自己,Y,https://item.jd.com/12987440.html
每满100元/可减50元现金,200142307784,DK儿童大百科系列精选礼品套装（精装全5册）科学+历史+自然+动物+太空（原定价700元）,Y,https://item.jd.com/12859598.html
每满100元/可减50元现金,200142307784,儿童大格局培养绘本（套装8册）培养孩子更大的格局 实现人生的更大目标,Y,https://item.jd.com/13023732.html
每满100元/可减50元现金,200142307784,日本精选专注力培养大书 全2辑——儿童思维专注力训练/提升观察力、认知力等（套装共6册 赠荧光灯笔）,Y,https://item.jd.com/13165572.html
每满100元/可减50元现金,200142307784,美国心理学会 儿童情绪管理读物：遇到问题怎么办（套装4册）7-10岁,Y,https://item.jd.com/12553336.html
每满100元/可减50元现金,200142307784,整理生活：风靡全球的整理收纳术,Y,https://item.jd.com/12625023.html
满80元减20元/满160元减90元,110511231876,萌小鹰（SPROUT）儿童多功能六面盒1-3岁宝宝六面体早教形状配对积木多面体玩具 启蒙益智雪花片（100pcs）,,https://item.jd.com/10036032435101.html
满599元减300元,110810024536,暇步士（Hush Puppies）双肩包男真皮大容量15.6英寸电脑包商务出差 背包 高端植鞣系列 黑色,Y,https://item.jd.com/10023154578851.html
满200元减100元,110498407908,京东超市 剑桥树小学生横版书包男女童一到二三四年级儿童减负双肩 背包 红藏青横版书包,Y,https://item.jd.com/10034214892782.html
满199元减100元,110856891757,京东超市 仁和匠心 防脱发育发液 增发液密发护发固发头皮护理精华掉发秃顶脂溢性脱发际线增长生长剂青少中老年男女 100ml一瓶【此为1瓶/2.送.1请拍数量2】,,https://item.jd.com/71187217091.html
满2件/总价打5折,200141306120,京东超市 梵西双滚轮V型紧致美颈霜淡化颈纹按摩提拉颈部护理 滋润保湿护颈霜天鹅颈 120g,Y,https://item.jd.com/100004445515.html
满199元减100元,200144525475,护舒宝(Whisper)奢柔女性湿巾女性专用湿厕纸女性护理湿巾16片便携装,Y,https://item.jd.com/100009694755.html
满199元减100元,200144525475,京东超市 护舒宝Always欧美进口液体卫生巾量多日用270mm 10片未来感极护,Y,https://item.jd.com/1278494.html
满199元减100元,200144525475,京东超市 新护舒宝考拉安睡裤安心裤夜用 L码大码 4片装 夜安裤裤型卫生巾 女学生 尝新装 超长夜用卫生巾,Y,https://item.jd.com/8513379.html
满199元减100元,200144525475,京东超市 护舒宝Always欧美进口液体卫生巾日用240mm 18片未来感极护,Y,https://item.jd.com/1278508.html
满199元减100元,200144525475,京东超市 护舒宝Always欧美进口液体卫生巾量多日用270mm 16片未来感极护,Y,https://item.jd.com/1278506.html
满199元减100元,200144525475,京东超市 护舒宝(Whisper)云感奢柔棉Air气垫卫生巾日用组合套装30片（240mm 10片*3包）有香型,Y,https://item.jd.com/100016963806.html
满199元减100元,200144525475,京东超市 护舒宝(Whisper)超薄夜用 考拉呼呼卫生巾 425mm 8片 (极薄) 夜用卫生巾,Y,https://item.jd.com/4657790.html
满199元减100元,200144525475,京东超市 护舒宝Always欧美进口液体卫生巾超长夜用卫生巾340mm24片 未来感极护,Y,https://item.jd.com/2191133.html
满199元减100元,200144525475,京东超市 护舒宝(Whisper)云感奢柔护垫Air气垫卫生巾护垫 22片装 无香型,Y,https://item.jd.com/100016963832.html
满199元减100元,200144525475,京东超市 护舒宝Always欧美进口液体卫生巾超长夜用卫生巾340mm10片 未来感极护,Y,https://item.jd.com/2191141.html
满199元减100元,200144525475,京东超市 护舒宝(Whisper)超薄夜用 考拉呼呼卫生巾 360mm 10片 (极薄) 夜用卫生巾,Y,https://item.jd.com/4657788.html
满199元减100元,200144525475,京东超市 护舒宝Always欧美进口液体卫生巾量多日用270mm 32片未来感极护,Y,https://item.jd.com/1278492.html
满199元减100元,200144525475,京东超市 泓一 日式小圆饼干500g 饼干蛋糕网红海盐小圆饼整箱休闲零食100g*5袋,Y,https://item.jd.com/100008510931.html
满199元减100元,200144525475,京东超市 亿滋 太平焙朗 办公室轻食 零食大礼包 7款零食组合 共646g,Y,https://item.jd.com/100017537632.html
满199元减100元,200144525475,京东超市 乐事(Lay's) 香芋片 醇香海盐黑椒味 60克,Y,https://item.jd.com/100013193932.html
满199元减100元,200144525475,京东超市 华美 海盐半熟芝士蛋糕240g面包糕点营养早餐代餐休闲零食下午茶甜品点心,Y,https://item.jd.com/100011157011.html
满199元减100元,200144525475,京东超市 乐事(Lay's) 苦荞山药薄卷 黑椒牛扒味 80克,Y,https://item.jd.com/100013558610.html
满199元减100元,200144525475,京东超市 乐事Lsy's 夏季限定薯片 蒜蓉烤生蚝味 75克,Y,https://item.jd.com/100011602859.html
满199元减100元,200144525475,京东超市 蜀道香 麻辣味牛肉200g 休闲零食小吃 熟食肉脯 四川特产手撕牛肉干,Y,https://item.jd.com/2299902.html
满199元减100元,200144525475,京东超市 康师傅 妙芙饼干蛋糕点心营养早餐办公室休闲零食小吃巧克力可可味9枚超值分享装432g（新老包装随机发送）,Y,https://item.jd.com/100000680115.html
满199元减100元,200144525475,京东超市 康师傅 妙芙饼干蛋糕点心营养早餐办公室休闲零食小吃奶油味9枚 超值分享装432g（新老包装随机发送）,Y,https://item.jd.com/100000680131.html
满199元减100元,200144525475,京东超市 奥利奥（Oreo）夹心饼干 缤纷双果味纷享 双口味组合装 休闲零食 囤货必备 97gX4连包,Y,https://item.jd.com/100008837726.html
满199元减100元,200144525475,京东超市 【京东JOY联名款】蜀道香 麻辣全牛肉大礼盒888g 肉干肉脯 四川特产牛肉干小吃 零食大礼包,Y,https://item.jd.com/5464253.html
满199元减100元,200144525475,京东超市 奇多（Cheetos）零食 休闲 食品 美式火鸡味干杯脆25克*12包,Y,https://item.jd.com/100006986537.html
满199元减100元,200144525475,时萃 精品冻干即溶黑 咖啡 意式浓缩 咖啡 冷萃速溶意式风味特浓无蔗糖 咖啡 粉 2g*12包,Y,https://item.jd.com/100020150508.html
满199元减100元,200144525475,京东超市 柯林 数字挂耳 咖啡 滤泡式黑 咖啡 粉 原装进口生豆烘焙现磨滤挂 咖啡 03意式黑巧 12g*10袋,Y,https://item.jd.com/3759672.html
满199元减100元,200144525475,京东超市 柯林 数字挂耳 咖啡 现磨黑 咖啡 粉手冲式滤泡式 咖啡 04曼特宁劲味 12g*10袋,Y,https://item.jd.com/3759686.html
满199元减100元,200144525475,京东超市 柯林 数字挂耳 咖啡 滤挂式耳挂黑 咖啡 便携 咖啡 粉醇厚低酸 01柯林一号 12g*10袋,Y,https://item.jd.com/3329305.html
满199元减100元,200144525475,京东超市 越南进口西贡盒装三合一醇香特浓速溶 咖啡 560g(20gx28条),Y,https://item.jd.com/100019754690.html
满199元减100元,200144525475,京东超市 乐事Lay's 每日分享装薯片 原味 12克*8包,Y,https://item.jd.com/100023344840.html
满199元减100元,200144525475,京东超市 奥利奥（Oreo）亿滋巧克力味全系列 饼干休闲网红零食大礼包 14包共899g（新老包装随机发货）,Y,https://item.jd.com/100008837724.html
满199元减100元,200144525475,京东超市 乐事Lsy's 夏季限定薯片 孜然烤羊肉串味 135克,Y,https://item.jd.com/100022156554.html
满3件/总价打5折,200144977077,京东国际 日本进口 资生堂(SHISEIDO) 尿素红罐护手霜 100g/罐 男女通用 深层滋养,,https://item.jd.com/2108360.html
满3件/总价打5折,200144977077,京东国际 多芬(Dove) 身体乳/润肤乳 保湿补水润肤乳霜 大白碗男女通用 300ml 原装进口,,https://item.jd.com/2108612.html
满3件/总价打5折,200144977077,京东国际 日本进口 高丝KOSE 泡沫洗面奶 200ml/瓶 深层清洁 清爽不紧绷 温和不刺激,,https://item.jd.com/2284791.html
满3件/总价打5折,200144977077,Swisse斯维诗蔓越莓毛孔收缩矿物泥 清洁 面膜细致毛孔,,https://item.jd.com/100002932393.html
满3件/总价打5折,200144977077,京东国际 多芬(Dove)男士洗面奶 氨基酸洗面奶 深层清洁 控油洁面慕斯 泡沫洁面乳 140ml 日本原装进口,,https://item.jd.com/100005175317.html
满3件/总价打5折,200144977077,京东国际 多芬(Dove)洗面奶 神经酰胺 氨基酸洗面奶 敏感肌专用 补水洁面慕斯男女通用 160ML 原装进口,,https://item.jd.com/3806494.html
满3件/总价打5折,200144977077,京东国际 美国Stridex施颜适 0.5%水杨酸棉片【绿色温和型 55片/盒】（淡化痘印黑头闭口粉刺 二次清洁面 收缩毛孔）,,https://item.jd.com/100001317260.html
满3件/总价打5折,200144977077,京东国际 吾诺（UNO）超保湿洗面奶 130g/支 清新柑橘香型男士洁面乳 温和舒爽,,https://item.jd.com/2345341.html
满99元减50元,200146235628,京东超市 妇炎洁 本草卫生湿巾 28片/盒 抑菌湿巾免洗湿擦私处清洁姨妈期抑菌洁阴便携,Y,https://item.jd.com/4050167.html
满199元减100元,200146233950,京东超市 妇炎洁 本草卫生湿巾 28片/盒 抑菌湿巾免洗湿擦私处清洁姨妈期抑菌洁阴便携,Y,https://item.jd.com/4050167.html
满2件/总价打5折,200140969877,京东超市 高洁丝Kotex 臻选澳洲进口纯棉0.08极薄240mm 25片日用超薄卫生巾,Y,https://item.jd.com/8513389.html
满2件/总价打5折,200140969877,京东超市 高洁丝Kotex 190mm超薄直条迷你卫生巾护垫10片*6包,Y,https://item.jd.com/1060537.html
满2件/总价打5折,200140969877,京东超市 比比赞网红日式小圆饼干1000g多口味海盐小圆饼零食休闲 食品 整箱1kg/约24包,Y,https://item.jd.com/100016139900.html
满2件/总价打5折,200140969877,京东超市 来伊份 香辣鸭肫 即食独立熟食真空包装鸭胗零食小吃休闲 食品 125g/袋新老包装随机发货,Y,https://item.jd.com/5778980.html
满2件/总价打5折,200140969877,京东超市 好丽友（orion）膨化 食品 休闲零食 四层薯片 浪里个浪麻辣小龙虾味65g/袋,Y,https://item.jd.com/100003975304.html
满2件/总价打5折,200140969877,京东超市 Frosch不锈钢/陶瓷清洁剂柠檬 500ml 抛光亮洁 不留划痕 德国原装进口,Y,https://item.jd.com/4445982.html
满2件/总价打5折,200140969877,印度尼西亚进口 美天Good Day 三合一速溶 咖啡 混合口味100g*3盒,Y,https://item.jd.com/100022034292.html
满2件/总价打5折,200140969877,时萃 精品冻干即溶黑 咖啡 意式浓缩 咖啡 冷萃速溶意式风味特浓无蔗糖 咖啡 粉 2g*12包,Y,https://item.jd.com/100020150508.html
满2件/总价打5折,200140969877,京东超市 大马老街白 咖啡 粉原味马来西亚进口三合一速溶冲调饮品袋装480g,Y,https://item.jd.com/7652753.html
满2件/总价打5折,200140969877,京东超市 老金磨方 黑芝麻丸 黑豆黑米芝麻丸 黑芝麻糊 即食零食小丸子14丸 126g,Y,https://item.jd.com/100003101864.html
满2件/总价打5折,200140969877,京东超市 尚岛宜家 SODOLIKE 厨房保鲜膜套200只食品级家用冰箱剩饭剩菜水果密封松紧口保鲜膜罩套大小通用 透明白色,Y,https://item.jd.com/100012740397.html
满2件/总价打5折,200140969877,京东超市 优奥 一次性保鲜膜套300只装 食品级剩饭菜保鲜罩自封口盖套保鲜袋碗罩,Y,https://item.jd.com/100014668566.html
满2件/总价打5折,200140969877,汇百利手撕点断 保鲜 膜30cm*180m冰箱微波炉适用 保鲜 膜 保鲜 袋食品 保鲜,Y,https://item.jd.com/100010464605.html
满2件/总价打5折,200140969877,汇百利增厚 保鲜 袋35*25厘米140只塑料食品袋子厨房超市一次性用品,Y,https://item.jd.com/100018750690.html
满99元减50元,200138900595,京东超市 高洁丝Kotex 臻选澳洲进口纯棉0.08极薄240mm 25片日用超薄卫生巾,Y,https://item.jd.com/8513389.html
满99元减50元,200138900595,德国进口马栗膏Almisan马栗乐按摩凝胶 阿尔美森马栗露香膏肩颈腰椎腿部风湿关节疼痛马栗乐冷敷凝胶 250ml,,https://item.jd.com/10027325404760.html
满99元减50元,200138900595,京东超市 云南白药眼罩 热敷蒸汽眼罩 自发热护眼贴 遮光眼疲劳黑眼圈男女通用 无香型青春款10片/盒 泰邦眼罩,Y,https://item.jd.com/100011623651.html
满99元减50元,200138900595,京东超市 高洁丝Kotex 190mm超薄直条迷你卫生巾护垫10片*6包,Y,https://item.jd.com/1060537.html
满99元减50元,200138900595,京东超市 甘源牌 休闲零食 青豌豆 蒜香味青豆 坚果炒货特产小吃零食豌豆粒 285g/袋,Y,https://item.jd.com/2945853.html
满99元减50元,200138900595,京东超市 来伊份 香辣鸭肫 即食独立熟食真空包装鸭胗零食小吃休闲 食品 125g/袋新老包装随机发货,Y,https://item.jd.com/5778980.html
满99元减50元,200138900595,京东超市 橙乐工坊 厨房重油污净500ml 多功能泡沫清洁剂厨房油污清洁剂油烟机清洗剂去油去污,Y,https://item.jd.com/100008837502.html
满99元减50元,200138900595,京东超市 独角兽暴肌厨房 黑 咖啡 速溶美式 咖啡 条0脂肪云南小颗粒苦 咖啡 豆粉60条,Y,https://item.jd.com/100021848310.html
满99元减50元,200138900595,时萃 secre coffee冷萃冻干即溶 咖啡 茶饮黑 咖啡 茉莉茶风味 咖啡 2g*12包*1盒,,https://item.jd.com/10030842271591.html
满99元减50元,200138900595,京东超市 得宝( Tempo ) 手帕纸 迷你4层加厚纸巾 7张*12包 茉莉花味,Y,https://item.jd.com/1282401.html
满99元减50元,200138900595,得宝 tempo 抽纸苹果木味纸巾家用面巾纸4层90抽18包整箱软抽德宝纸抽卫生纸,Y,https://item.jd.com/41546136202.html
满99元减50元,200138900595,Tempo 得宝Mini系列纸抽纸巾4层80抽*20包 德宝家用婴儿卫生面巾纸餐巾纸实惠装整箱实惠装 Mini抽纸 4层80抽*20包,,https://item.jd.com/55987716533.html
满99元减50元,200138900595,京东国际 得宝 tempo 抽纸4层90抽餐巾纸苹果木味纸巾整箱18包德宝纸抽面巾,Y,https://item.jd.com/42873760311.html
满99元减50元,200138900595,得宝 Tempo 湿巾便携式旅行装湿巾12片15包德宝卫生湿巾纸抽取式装180片,,https://item.jd.com/43335790620.html
满99元减50元,200138900595,得宝 Tempo 卷纸家用卫生纸巾4层160g大卷厕纸手纸整箱16卷德宝压花无香有芯卷筒纸圈纸,,https://item.jd.com/59765194897.html
满99元减50元,200138900595,京东超市 尚岛宜家 SODOLIKE 厨房保鲜膜套200只食品级家用冰箱剩饭剩菜水果密封松紧口保鲜膜罩套大小通用 透明白色,Y,https://item.jd.com/100012740397.html
满99元减50元,200138900595,维达【满99减50 199减100】卷纸4层200克27卷整箱蓝色经典加厚有芯卷筒纸巾卫生纸 大规格,,https://item.jd.com/54880537089.html
满99元减50元,200138900595,维达【满99减50 199减100】蓝色有芯卷纸4层27卷整箱140克卫生纸擦手纸巾家用卷筒厕纸卷纸,Y,https://item.jd.com/17976532167.html
满99元减50元,200138900595,维达【满99减50 199减100】抽纸4D立体美3层24包卫生纸3d整箱压花餐巾纸家用面巾纸巾,Y,https://item.jd.com/25790784709.html
满99元减50元,200138900595,【满99减50 199减100】维达超韧抽纸3层130抽*24包 S码 餐巾纸卫生纸巾无香 蓝色,,https://item.jd.com/10025109002433.html
满99元减50元,200138900595,维达【满99减50 199减100】立体美抽纸棉韧3层108抽24包抽取式纸巾S码中规格4D压花整箱,Y,https://item.jd.com/25226201913.html
满99元减50元,200138900595,维达【满99减50 满199减100】超韧抽纸3层130抽24包整箱S码餐巾纸卫生纸巾纸抽 蓝色,Y,https://item.jd.com/44494179392.html
满99元减50元,200138900595,维达【满99减50 满199减100】卷纸4层180克27卷整箱卫生纸手纸卷筒纸巾 蓝色,Y,https://item.jd.com/44572333861.html
满99元减50元,200138900595,维达【满99减50 满199减100】蓝色经典卷纸4层140克27卷整箱卫生纸有芯卷筒纸巾 蓝色,Y,https://item.jd.com/44567655568.html
满99元减50元,200138900595,维达 蓝色经典有芯卫生纸卷纸巾4层140克*27卷 整箱销售 原浆厕所用手纸 蓝色,Y,https://item.jd.com/41792662889.html
满99元减50元,200138900595,维达【满99减50 满199减100】超韧无芯卷纸3层100克40卷整箱家用卫生纸巾卷筒纸,,https://item.jd.com/45447891495.html
满99元减50元,200138900595,维达 棉韧4D压花无芯中长卷卫生纸纸巾4层100克*30卷 立体美整箱销售 原浆厕所用手纸 浅紫色,,https://item.jd.com/65378511112.html
满99元减50元,200138900595,【满99减50 199减100】维达倍韧抽纸3层120抽30包餐巾卫生纸（新旧规格随机发货 卡其色,,https://item.jd.com/10025108861749.html
满99元减50元,200138900595,维达 棉韧4D压花有芯卫生纸卷纸巾4层128克*27卷 立体美整箱销售 原浆厕所用手纸 浅紫色,Y,https://item.jd.com/41792654965.html
满99元减50元,200138900595,维达 细韧抽纸3层120抽30包 餐巾纸面巾纸卫生纸巾纸抽整箱 卡其色,Y,https://item.jd.com/41824951595.html
满99元减50元,200138900595,威露士 （Walch）衣物消毒液家居消毒水1L,,https://item.jd.com/1016424598.html
满99元减50元,200138900595,【满199减100】 威露士 （Walch）抗菌有氧洗衣液3L 薰衣草香型,,https://item.jd.com/67816673063.html
满99元减50元,200138900595,威露士 高浓度消毒液衣物家用洗衣除菌液玩具宠物消毒 3.6斤家用,,https://item.jd.com/10026206202171.html
满99元减50元,200138900595,京东超市 章华(SAVOL)牛油果损伤修护洗发水500ml（染烫修护洗发水 持久留香洗发露 洗发乳 洗头膏男女通用）,Y,https://item.jd.com/7686371.html
满78元减35元/满149元减80元/包邮（限中国内地）,110882262944,威露士HiSkin水润保湿沐浴露800ml 茶树叶泡沫丰富大瓶装 男女儿童通用,,https://item.jd.com/16792967587.html
满3件/总价打5折,200136862090,京东超市 妮维雅（NIVEA）男士黑白出众爽身走珠液 50ml（止汗露 止汗滚珠 腋下护肤）,Y,https://item.jd.com/1058799.html
满3件/总价打5折,200136862090,京东超市 倍丽颜醇润保湿粉色婴儿面膜5枚 漫丹非曼丹补水保湿清洁润肤含精华液敏感肌可用男女通用日本面膜,Y,https://item.jd.com/100007580142.html
满2件/总价打5折,200141497827,【关晓彤同款】舒蕾（SLEK）洗发水去屑止痒控油洗头膏女蓬松（绿茶籽500ml）,Y,https://item.jd.com/100022003146.html
满2件/总价打5折,200141497827,京东超市 绿色溪谷（greenkosy）洗发水去屑止痒洗头膏乳480ml 茶籽萃取控油舒爽丝滑洗发精露 澳洲原装进口,Y,https://item.jd.com/100003187297.html
满2件/总价打5折,200141497827,京东超市 维特丝（vetes）男士海洋香洗发水 500g（型动舒爽洗发露男 去屑控油洗发乳）,Y,https://item.jd.com/100017361524.html
满2件/总价打5折,200141497827,京东超市 三谷植物固发洗发水420ml生姜强韧发根固发养发修护滋养头皮【拍两瓶/第二瓶0元】,,https://item.jd.com/100019027456.html
满2件/总价打5折,200141497827,京东超市 艾君 老姜王生姜洗发水800ml（姜汁洗发露 控油健发 男女士通用 ）,Y,https://item.jd.com/2286138.html
满199元减100元,200144976787,京东国际 欧舒丹 L'OCCITANE 乳木果护手霜 150ml/支 保湿滋润 修护干燥肌肤 法国进口,,https://item.jd.com/100008387544.html
满199元减100元,200144976787,京东国际 日本进口 Bb LABORATORIES复活草面膜水洗式涂抹面膜175g 补水保湿 修护肌肤,,https://item.jd.com/8048373.html
满50元减20元/满80元减46元,110893690322,苏菲 卫生巾日用230mm+超熟睡夜用姨妈巾日夜组合套装420mm整箱批发护垫290mm组合107片,Y,https://item.jd.com/37694071056.html
满2件/总价打5折,200148459229,京东超市 护舒宝Always欧美进口液体卫生巾超长夜用卫生巾340mm10片 未来感极护,Y,https://item.jd.com/2191141.html
满2件/总价打5折,200141070846,京东超市 黑人（DARLIE）密护龈牙刷2支装 绒感软毛 绵密泡泡 柔感护龈 温和去渍（新老包装随机发放）,Y,https://item.jd.com/100012953520.html
每满99元/可减50元现金,200149444490,良品铺子 中秋礼盒坚果礼盒8袋装/1310g食食有爱 每日坚果干果休闲零食坚果炒货零食大 礼包 礼品夏威夷果核桃,Y,https://item.jd.com/100002464693.html
满2件/总价打5折,200143227175,京东超市 比比赞网红日式小圆饼干1000g多口味海盐小圆饼零食休闲 食品 整箱1kg/约24包,Y,https://item.jd.com/100016139900.html
满149元减70元/满290元减160元/满447元减240元,110847020537,【温州特色鸭舌礼袋】萨啦咪鸭舌酱香原味香辣鸭舌500g温州特产熟食鸭舌头休闲零食大 礼包 节庆节礼物 原味500g 鸭舌,,https://item.jd.com/10299089150.html
满149元减75元,200149216576,京东超市 三只松鼠每日坚果 750g/30袋 中秋送礼坚果礼盒零食大礼包儿童孕妇节日混合干果牛气版,Y,https://item.jd.com/100017735654.html
满36元减17元/满38元减19元,200138165030,京东超市 三只松鼠魔方吐司红豆味6枚 早餐代餐手撕面包网红零食生日 480g/箱,Y,https://item.jd.com/100013214910.html
满2件/总价打5折,200143573122,京东超市 泓一 日式小圆饼干500g 饼干蛋糕网红海盐小圆饼整箱休闲零食100g*5袋,Y,https://item.jd.com/100008510931.html
满40元减20元,200150570729,京东超市 良品铺子 芝麻夹心海苔大袋装175g 儿童零食送小朋友海苔夹心脆囤货 非油炸无防腐剂 即食海苔休闲零食,Y,https://item.jd.com/100005278941.html
满30元减15元,200149363942,京东超市 良品铺子 零食大礼包 水果干中秋礼盒6袋装 零食蜜饯果干芒果干草莓干送女友441g,Y,https://item.jd.com/100008348428.html
每满99元/可减50元现金,110499236474,【发两箱】零食大礼包坚果礼盒休闲零食年货小吃干果夏威夷果 含夏威夷果/精美礼盒装（第二份0元）,,https://item.jd.com/71057701989.html
满29元减10元/满58元减30元,200147249457,京东超市 百草味 蛋黄酥300g 麻糍雪媚娘麻薯网红糕点点心零食小吃,Y,https://item.jd.com/100007949781.html
每满110元/可减56元现金,109393382400,【发两箱】鼠大厨零食大礼包坚果礼盒干果坚果炒货零食小吃 套餐C-开心果组合（第二份0元/合并一箱发货）,Y,https://item.jd.com/47284860165.html
满2件/总价打5折,200149662230,京东超市 华美 海盐半熟芝士蛋糕240g面包糕点营养早餐代餐休闲零食下午茶甜品点心,Y,https://item.jd.com/100011157011.html
每满59元/可减30元现金/最多可减60元,200149392656,京东超市 良品铺子 【纯低脂鸡胸肉】800g 轻卡低脂佐餐即食健身餐代餐轻食速食肉干肉脯休闲零食,Y,https://item.jd.com/100022978504.html
每满159元/可减80元现金,108820291906,坚果大 礼包 干果礼盒零食小吃休闲 食品 年货送礼过年春节礼品买一箱送一箱男生女生好吃的整箱礼物组合中秋节 含夏威夷果/精美礼盒装/【第二份0元/请拍2件】,,https://item.jd.com/61743181075.html
满20元减10元/满40元减20元,200150025218,京东超市 鲨鱼菲特 黑麦全麦面包代餐粗粮健身 食品 饱腹吐司速食懒人早餐代餐 2斤整箱,Y,https://item.jd.com/100022139788.html
满2件/总价打5折,200141478967,京东超市 日本花王（KAO）强力除霉泡沫清洁喷剂（浴室）浴室清洁剂400ml,Y,https://item.jd.com/100007984801.html
满2件/总价打5折,200141478967,日本花王（KAO）管道疏通剂 下水道疏通剂 厨房油污排水道堵塞强力疏通剂500g,Y,https://item.jd.com/100014391484.html
满2件/总价打5折,200141478967,日本花王（KAO）马桶清洁剂洁厕液 免刷洗强效去污垢除异味清洗剂洁厕剂洁厕灵 500ml,Y,https://item.jd.com/100014391468.html
满2件/总价打5折,200141478967,进口花王（KAO）洗发水 去屑清爽控油护发舒缓头皮洗发露茶树洗发水 750ml,Y,https://item.jd.com/100011600907.html
满2件/总价打5折,200141478967,京东超市 霸王育发防脱洗发水380ml+毛囊滋养原液55ml生姜汁控油洗头膏洗护套装（男女士增发密发）,Y,https://item.jd.com/3242983.html
满2件/总价打5折,200141478967,花王（KAO）男士控油海藻洗发水 清爽控油长效去屑洗发精洗发露洗头膏男 750ml,Y,https://item.jd.com/100008609217.html
满2件/总价打5折,200141478967,京东超市 阿道夫（ADOLPH）防脱育发专研 防脱育发洗发水生姜800g,Y,https://item.jd.com/4759841.html
满3件/总价打5折,200145159599,京东超市 橙乐工坊 厨房重油污净500ml 多功能泡沫清洁剂厨房油污清洁剂油烟机清洗剂去油去污,Y,https://item.jd.com/100008837502.html
满3件/总价打5折,200145159599,京东超市 净安洗衣机清洗剂300gx2盒(共6包)非泡腾片洗衣机槽除垢祛味除螨清洁剂除菌99.9%*,Y,https://item.jd.com/4786308.html
满100元减50元,200149841021,京东超市 威露士抗菌有氧洗衣液套装18.5斤 除菌除螨 （3L瓶装x1、2.25L瓶装x1、2L袋装洗衣液x2） 杀菌率达99%,Y,https://item.jd.com/100000671427.html
满100元减50元,200149841021,京东超市 威露士 消毒液超值套装 家用环境拖地板衣物除菌消毒水（1.2L+630ml*2+60ml*2）赠免洗洁手液20ml*2旅行装,Y,https://item.jd.com/100020763208.html
满10元减5元,200143625262,京东超市 百家好世 免手洗平板拖把办公室木地板懒人擦地墩布自动回弹家用吸水托地把除尘清洁拖地神器 共3块布,Y,https://item.jd.com/100009746032.html
满40元减20元,110273920312,仁和匠心 除螨洗面奶男士控油祛痘洁面皂收缩毛孔补水保湿氨基酸泡沫洁面乳深层清洁黑头女学生 单瓶装/150ml,,https://item.jd.com/10032505299624.html
满50元减20元/满100元减50元,200149652336,京东超市 舒洁（Kleenex）湿厕纸羊驼湿厕纸家庭装80片*6包（480片）清洁湿纸巾湿巾 可搭配卷纸卫生纸使用 擦屁屁专用,Y,https://item.jd.com/100015024090.html
满199元减100元,110903828226,C咖 清洁 控油舒缓急救修护熬夜面膜补水保湿面膜女男敏感肌小罐膜 熬夜救星三盒15粒,,https://item.jd.com/10029816266900.html
满2件/总价打5折,200142050852,京东超市 御泥坊面膜 盈润玻尿酸面膜女男30片（补水保湿滋养清洁提亮改善暗沉粗糙收缩毛孔紧致）,,https://item.jd.com/5292893.html
满2件/总价打5折/包邮（限中国内地）,109049197320,亮净快速去重油剂1L 厨房去油污净,,https://item.jd.com/31202123360.html
满4件/总价打4折,200146895140,京东国际 蒂佳婷Dr.Jart+ 药丸面膜男女 黑泡泡毛孔清洁补水 净透肌底 深层护理 灰丸贴片面膜25g*5片/盒 韩国进口,,https://item.jd.com/6034784.html
满200元减71元/满400元减160元/满600元减322元,110910643711,京东国际 【王嘉尔推荐】Dr.Jart+蒂佳婷面膜女男补水保湿舒缓修复 药丸面膜清洁面膜 蓝丸绿丸黑丸面膜1盒 蓝色药丸面膜1盒/5片,,https://item.jd.com/46973019348.html
满2件/总价打5折,200142337931,京东超市 净安洗衣机清洗剂300gx2盒(共6包)非泡腾片洗衣机槽除垢祛味除螨清洁剂除菌99.9%*,Y,https://item.jd.com/4786308.html
满2件/总价打5折,110301132550,京东超市 【第2件0元】水杨酸棉片刷酸痘肌黑头清洁毛孔软贴控油温和不含酒精 0.5%温和型水杨酸55片,Y,https://item.jd.com/71179875053.html
满199元减100元,200146234599,京东超市 MEICHIC氨基酸泡沫洗面奶 230ml/瓶男女士保湿控油去黑头去角质慕斯卸妆清洁护肤化妆品洁面乳敏感肌可用,Y,https://item.jd.com/100008217158.html
满5元减4元,109331161707,京东超市 瑞士原装进口雀巢金牌 咖啡 GOLD 200g雀巢 咖啡 瓶罐装冻干速溶 咖啡 粉原味美式黑 咖啡 添加 咖啡 豆研磨粉 咖啡 200g*2瓶,,https://item.jd.com/36121558384.html
满1件/总价打7.50折；满2件/总价打5折,107577833931,肖战代言】日本进口隅田川胶囊 咖啡 速溶黑 咖啡 无蔗糖焦糖 浓缩冷萃 咖啡 液 隅田川无蔗糖8粒*18g,,https://item.jd.com/67333182172.html
满199元减100元,200141749260,京东超市 喵小雅 蓝山风味 咖啡 豆手冲精品阿拉比卡纯黑苦 咖啡 意式浓缩 中度烘焙454g,Y,https://item.jd.com/100019696878.html
满1件/总价打9折；满2件/总价打5折,108409357652,肖战同款】隅田川日本进口非无糖添加无奶健身意式现磨手冲 咖啡 粉挂虑24片特浓挂耳 咖啡 纯黑 咖啡 粉 隅田川10片装蓝大叔款（滤泡型),,https://item.jd.com/69309537500.html
满10元减7元/满70元减14元,110566051255,Nescafe/雀巢 咖啡 丝滑拿铁瓶装即饮268ml*15整箱 咖啡 饮料学生熬夜饮品 拿铁风味*15瓶(整箱),,https://item.jd.com/10026162330850.html
满2件/总价打5折,110813702999,时萃 secre coffee冷萃冻干即溶 咖啡 茶饮黑 咖啡 茉莉茶风味 咖啡 2g*12包*1盒,,https://item.jd.com/10030842271591.html
满5元减3元/包邮（限中国内地）,110808926243,雀巢（Nestle） 咖啡 特浓1+2微研磨速溶 咖啡 粉90条装1170g礼盒装意式浓醇低糖 咖啡,,https://item.jd.com/30971557246.html
满5元减3元/包邮（限中国内地）,110808926243,易烊千玺同款】雀巢（Nestle） 咖啡 低糖微研磨1+2速溶 咖啡 粉三合一特浓 咖啡 1170g礼盒90条装,,https://item.jd.com/28781175461.html
满199元减100元,110848005906,Davidoff大卫杜夫德国进口美式 咖啡 意式浓缩冻干纯黑速溶 咖啡 粉罐装瓶装0蔗糖0脂肪0添加 ESPRESSO 57【意式浓缩】100g/罐,,https://item.jd.com/40375933409.html
满68元减50元/满436元减100元/满654元减150元,110910584204,京东超市 一碧堂 特级正山小种 红茶 浓香型武夷山茶叶功夫红茶罐装茶叶礼盒500g（250g*2）,,https://item.jd.com/10020528284031.html
满199元减100元,110793051993,京东超市 德国赫巴兹不粘锅316不锈钢炒锅炒菜锅具家用少油烟平底炒锅电磁炉煤气灶通用 【316】（内径32外径34）双面屏+全玻璃盖,Y,https://item.jd.com/54773990108.html
每满29元/可减15元现金,200144045279,京东超市 飞利浦 车载手机支架汽车空调出风口磁吸式支架吸导航手机座 车上车用车内饰品用品DLK2003B/93,Y,https://item.jd.com/5257605.html
满399元减200元/满1580元减400元,110785826268,京东超市 Ledibaby乐蒂儿童安全座椅汽车用0-4-12岁双向安装isofix硬接口宝宝婴儿童坐椅车载 小灰灰,,https://item.jd.com/10029422979061.html
每满199元/可减100元现金,200146726191,京东超市 舒适达 牙龈护理牙膏套装 2支装 缓解牙齿敏感 150g（100g×1+赠便携装50g×1）,Y,https://item.jd.com/100008542169.html
每满199元/可减100元现金,200146726191,京东超市 舒适达 美白配方牙膏套装 2支装 美白护理亮白牙齿 150g（100g×1+赠便携装50g×1）,Y,https://item.jd.com/100008542153.html
满2件/总价打5折,110812682192,舒适达 牙膏美白配方180g,,https://item.jd.com/10465014587.html
满199元减100元,200150675442,京东超市 孩之宝(Hasbro)变形金刚 男孩女孩 玩具 手办 玩具 车模型中秋生日礼物 经典电影加强级 SS50 二战热破 E7196,Y,https://item.jd.com/100010579610.html
满5件/总价打5折,200150356443,京东超市 晨光(M&G) 文具 HB自动铅笔替芯 0.5mm树脂铅芯 学生考试绘图铅笔芯 120mm*20根/盒ASL22601,Y,https://item.jd.com/100010915882.html
满5件/总价打5折,200150356443,京东超市 晨光(M&G) 文具 黑色60ml高级碳素墨水 大容量不堵钢笔墨水 单瓶装AICW9001,Y,https://item.jd.com/7237728.html
满5件/总价打5折,200150356443,京东超市 晨光(M&G) 文具 B5/80页/26孔错题本活页替芯 记事本笔记本子 优品系列分区纠错替换内芯线圈纸 单本装APY9AG69,Y,https://item.jd.com/7823917.html
满5件/总价打5折,200150356443,京东超市 晨光(M&G) 文具 0.5mm红色中性笔 巨能写大容量签字笔 笔杆笔芯一体化水笔 12支/盒AGPB6901,Y,https://item.jd.com/100006835506.html
满5件/总价打5折,200150356443,京东超市 晨光(M&G) 文具 0.5mm黑色中性笔 子弹头按动签字笔 热可擦魔力学生水笔 10支/盒AKPH3204,Y,https://item.jd.com/4552095.html
满5件/总价打5折,200150356443,京东超市 晨光(M&G) 文具 MG666学生中高考试套装(中性笔*2+替芯*2+2B自动铅笔+铅芯+橡皮+套尺)11件套HAGP0945,Y,https://item.jd.com/7237750.html
满5件/总价打5折,200150356443,京东超市 晨光(M&G) 文具 0.38mm黑色中性笔芯 全针管签字笔替芯 大包装量贩装水笔芯套装 60支/盒HAGR0872,Y,https://item.jd.com/6370052.html
满5件/总价打5折,200150356443,京东超市 晨光(M&G) 文具 30张装多规格牛皮纸包书皮 包书纸包书套 学生书套(A4/16K/25K)带姓名贴/学科贴 AWT94460,Y,https://item.jd.com/4552089.html
满5件/总价打5折,200150356443,京东超市 晨光(M&G) 文具 粉色横版证件卡套 PET包胶学生安全证件套 工作证 员工牌 胸卡 单个装AWTN1718,Y,https://item.jd.com/100002678481.html
满5件/总价打5折,200150356443,京东超市 晨光(M&G) 文具 HB自动铅笔替芯 0.5mm树脂铅芯 学生考试绘图铅笔芯 60mm*20根/盒颜色随机FSL50003,Y,https://item.jd.com/100011760176.html
满5件/总价打5折,200150356443,京东超市 晨光(M&G) 文具 黑色0.38mm小清新中性笔 全针管签字笔 樱花季限定系列学生办公通用水笔 12支/盒AGP67126,Y,https://item.jd.com/100008790031.html
满5件/总价打5折,200150356443,京东超市 晨光(M&G) 文具 16K/38页缝线本 记事本笔记本子 可爱风学生软抄本 小狐希里系列日记本 10本装APYFF747,Y,https://item.jd.com/1753991.html
满199元减140元/满269元减200元/满339元减261元,110435762627,玛利娅蒙特梭利积木时钟数字儿童玩具早教启蒙玩具拼搭积木串珠2-4岁颜色形状认知男孩女孩生日节日礼物 俄罗斯方块（40片）,Y,https://item.jd.com/10020809177880.html
满199元减140元/满269元减200元/满339元减261元,110435762627,玛利娅蒙特梭利积木时钟数字儿童玩具早教启蒙玩具拼搭积木串珠2-4岁颜色形状认知男孩女孩生日节日礼物 飞镖（图案随机发）,Y,https://item.jd.com/10024305289067.html
满99元减40元/满199元减129元/满299元减219元,110495504789,凯柯锐玩具百变校巴车歌德玩具车反反变形汽车反转车儿童男孩3-6岁 灭火英雄(百变校巴歌德)两变车,Y,https://item.jd.com/10028650798462.html
满2件/总价打5折,200150339727,京东超市 得宝( Tempo ) 手帕纸 迷你4层加厚纸巾 7张*12包 茉莉花味,Y,https://item.jd.com/1282401.html
满24元减12元,109329200672,京东国际 Tempo 得宝樱花味印花手帕纸小包纸巾 餐巾纸4层12包樱花季定制装,,https://item.jd.com/67054208123.html
满99元减50元/满199元减100元,109942193058,京东国际 【满199减100】得宝 tempo 抽纸 4层90抽18包纸面巾餐巾纸德宝抽纸整箱母婴可用,,https://item.jd.com/56065335245.html
满99元减50元/满199元减100元,109942193058,京东国际 【满199减100】得宝 tempo 手帕纸4层7张72包德宝手帕纸餐巾纸小包纸巾迷你便携式,,https://item.jd.com/56065329751.html
满99元减50元/满199元减100元,109942193058,京东国际 【满199减100】得宝 tempo 抽纸水蜜桃味 4层90抽16包纸面巾餐巾纸德宝抽纸整箱,,https://item.jd.com/56065319326.html
满99元减50元/满199元减100元,109942193058,【满199减100】得宝 tempo 抽纸mini 4层80抽18包纸面巾餐巾纸德宝抽纸整箱,,https://item.jd.com/56065335234.html
满99元减50元/满199元减100元,109942193058,京东国际 【满199减100】得宝婴儿抽纸4层90抽18包整箱（天然无香）,,https://item.jd.com/56065319292.html
满99元减50元/满199元减100元,109942193058,京东国际 【满199减100】得宝 tempo 卷纸4层160g16卷有芯厕纸卫生纸卷筒纸德宝卷纸整箱,,https://item.jd.com/56065305190.html
满35元减25元/包邮（限中国内地）,110098584774,得宝（ Tempo ）商务商用盒装抽纸3层32盒 抽纸加厚抽取式卫生纸车载纸量贩装大规格(天然无香) 32盒（共8提）,,https://item.jd.com/10026191072113.html
满99元减50元/满199元减100元,109889258322,得宝抽纸 Tempo 纸巾无味餐巾纸面巾纸 4层90抽18包整箱装 德宝纸抽卫生纸,Y,https://item.jd.com/40093047627.html
满2件/总价打5折,110603202020,【屈臣氏】得宝（ TEMPO ）纸手帕18包装 新旧包装随机发货 迷你纸手帕 甜心桃味 18包,Y,https://item.jd.com/27062281080.html
满2件/总价打5折,110603202020,【屈臣氏】得宝（ TEMPO ）纸手帕18包装 新旧包装随机发货 迷你纸手帕 天然无香 18包,Y,https://item.jd.com/27062281081.html
满2件/总价打5折/包邮（限中国内地）,110538629458,京东超市 得宝（ Tempo ）手帕纸4层7片12包 迷你有香面巾纸餐巾纸 纸巾便携式(甜心桃味）,,https://item.jd.com/46343824601.html
满2件/总价打5折/包邮（限中国内地）,110538629458,得宝（ tempo ）迷你印花纸手帕7片12包 迷你面巾纸餐巾纸纸巾便携式（天然无香）,,https://item.jd.com/52125303291.html
满99元减50元/满199元减110元/满299元减150元,110433520305,京东国际 得宝( Tempo ) 抽纸 4层90抽*16包 德宝无香软抽 面巾纸餐巾纸巾 天然无香(整箱销售）,Y,https://item.jd.com/42873051175.html
满99元减50元/满199元减100元,109889304328,得宝 tempo 抽纸苹果木味纸巾家用面巾纸4层90抽18包整箱软抽德宝纸抽卫生纸,Y,https://item.jd.com/41546136202.html
满2件/总价打5折,108421594451,京东国际 得宝（ TEMPO ）手帕纸便携式香味12包*1提装德宝纸巾小包荷包纸 甜心桃味（有香）,Y,https://item.jd.com/54890117022.html
满2件/总价打5折,108421594451,京东国际 得宝（ TEMPO ）手帕纸便携式香味12包*1提装德宝纸巾小包荷包纸 樱花印花（有香）,Y,https://item.jd.com/68360772834.html
满2件/总价打5折,108421594451,京东国际 得宝（ TEMPO ）手帕纸便携式香味12包*1提装德宝纸巾小包荷包纸 樱花味（有香）,Y,https://item.jd.com/54890117019.html
满2件/总价打5折,108421594451,京东国际 【第二件零元】 Tempo 得宝樱花味手帕纸小包纸巾 德宝餐巾纸4层12包提樱花季定制装,,https://item.jd.com/49899162759.html
满99元减50元/满199元减100元,110088080502,Tempo 得宝Mini系列纸抽纸巾4层80抽*20包 德宝家用婴儿卫生面巾纸餐巾纸实惠装整箱实惠装 Mini抽纸 4层80抽*20包,,https://item.jd.com/55987716533.html
满2件/总价打7.50折；满3件/总价打5折,108570467846,tempo 得宝德宝洗脸巾洗面巾棉柔巾纯棉洁面巾三十而已顾佳同款,,https://item.jd.com/10033380531198.html
满2件/总价打5折,110432210626,京东国际 【第二件零元/9款任意搭配】 Tempo 得宝樱花味手帕纸小包纸巾 德宝餐巾纸4层12包提樱花季定制装 蓝色经典,,https://item.jd.com/67101480418.html
满99元减50元/满199元减100元/满299元减150元,109333057762,京东国际 得宝 tempo 抽纸4层90抽餐巾纸苹果木味纸巾整箱18包德宝纸抽面巾,Y,https://item.jd.com/42873760311.html
满40元减22元,109327435350,Tempo 得宝手帕纸樱花味印花小包纸巾德宝纸抽便携式餐巾纸纸手帕4层12包（樱花季定制款）,,https://item.jd.com/72086050725.html
满99元减50元/满199元减100元,109889112915,得宝 Tempo 湿巾便携式旅行装湿巾12片15包德宝卫生湿巾纸抽取式装180片,,https://item.jd.com/43335790620.html
满99元减50元/满199元减100元,110380602184,【满199-100】得宝抽纸 Tempo 纸巾无味餐巾纸面巾纸 4层90抽18包整箱装德宝纸抽卫生纸,Y,https://item.jd.com/11340673588.html
满99元减60元/满199元减120元,109889186479,得宝 Tempo 卷纸家用卫生纸巾4层160g大卷厕纸手纸整箱16卷德宝压花无香有芯卷筒纸圈纸,,https://item.jd.com/59765194897.html
满89元减50元/满189元减100元,110746218137,得宝( Tempo ) 卷纸卫生纸 4层160g*20卷 4D压花有芯卷筒卫生手纸巾 樱花香味 20卷,,https://item.jd.com/70957998833.html
满89元减50元/满189元减100元,110746218137,维达 蓝色经典有芯卫生纸卷纸巾4层140克*27卷 整箱销售 原浆厕所用手纸 蓝色,Y,https://item.jd.com/41792662889.html
满89元减50元/满189元减100元,110746218137,维达 棉韧4D压花无芯中长卷卫生纸纸巾4层100克*30卷 立体美整箱销售 原浆厕所用手纸 浅紫色,,https://item.jd.com/65378511112.html
满89元减50元/满189元减100元,110746218137,维达 棉韧4D压花有芯卫生纸卷纸巾4层128克*27卷 立体美整箱销售 原浆厕所用手纸 浅紫色,Y,https://item.jd.com/41792654965.html
满89元减50元/满189元减100元,110746218137,维达 细韧抽纸3层120抽30包 餐巾纸面巾纸卫生纸巾纸抽整箱 卡其色,Y,https://item.jd.com/41824951595.html
满2件/总价打7.50折；满3件/总价打5折,109368727654,tempo 得宝德宝洗脸巾洗面巾棉柔巾纯棉洁面巾三十而已顾佳同款,,https://item.jd.com/10034675843768.html
满1500元减800元,110748247055,【官方电子质保】瓦尔塔(VARTA)EFB系列汽车电瓶蓄电池汽车启停系列 上门安装以旧换新 上门安装 EFB H6帕萨特/迈腾/奥迪,,https://item.jd.com/10029662002540.html
满1500元减800元,110748247055,【官方电子质保】瓦尔塔(VARTA) 汽车电瓶蓄电池启停系列EFB-H6免维护上门安装以旧换新 EFB H6【上门安装 以旧换新】,,https://item.jd.com/10029787701240.html
满299元减150元,110931709526,骆驼(CAMEL)汽车电瓶蓄电池6-QW-45适配雅阁本田CRV锋范杰德缤智12V45AH上门安装 【起亚】 起亚K2,,https://item.jd.com/13114020037.html
满299元减150元,110931709526,骆驼(CAMEL)汽车电瓶12V蓄电池55D23(2S) 60AH适配现代朗动起亚K3凯越天籁卡罗拉 【现代】 伊兰特 朗动 悦动 名图 名驭,,https://item.jd.com/13115636429.html
满299元减150元,110931709526,骆驼蓄电池86550T适配宝骏730 610凯越景程指南者汽车电瓶12V55Ah,,https://item.jd.com/72326324326.html
满40元减25元,110567014571,倍量 电池5号20节+7号电池20粒装 碳性干适用于儿童玩具/血压计/电子门锁/鼠标 5号电池20粒+7号20粒,,https://item.jd.com/63254646265.html
满2件/总价打5折,200150446459,京东超市 妙洁免刀撕保鲜膜 大卷点断式巧撕手撕可微波炉家用 50米小碗盒装,Y,https://item.jd.com/4373552.html
满2件/总价打5折,200150446459,京东超市 妙洁免刀撕保鲜膜 点断式巧撕手撕可微波炉家用 2卷30米大碗经济装,Y,https://item.jd.com/7534189.html
满2件/总价打5折,200150446459,京东超市 妙洁密封袋组合装大中小号各10只共30只 加厚食品级自速封口PE保鲜啪嗒密实袋保险冰箱厨房室内外用品,Y,https://item.jd.com/7374430.html
满2件/总价打5折,200150446459,京东超市 妙洁中号手提背心式保鲜袋600只 背带型塑料保险食品袋子厨房超市,Y,https://item.jd.com/100006168484.html
满2件/总价打5折,200150446459,京东超市 妙洁密封袋中号25只 加厚食品级自速封口PE保鲜啪嗒密实袋保险冰箱厨房室内外用品,Y,https://item.jd.com/2225865.html
满2件/总价打5折,200150446459,京东超市 妙洁 厚劲点断式保鲜袋 中号650只 塑料食品袋,Y,https://item.jd.com/100015531818.html
满2件/总价打5折,200150446459,京东超市 妙洁免刀撕保鲜膜 点断式巧撕手撕可微波炉家用 30米大碗盒装,Y,https://item.jd.com/4373550.html
满2件/总价打5折,200150446459,京东超市 妙洁 滑刀保鲜膜大碗90米加大碗90米经济装,Y,https://item.jd.com/100012211478.html
满2件/总价打5折,200150446459,京东超市 妙洁 背心式保鲜袋大号2卷装,Y,https://item.jd.com/100007827218.html
满2件/总价打5折,200150446459,京东超市 妙洁 免刀撕PE手撕保鲜膜150米大碗经济装,Y,https://item.jd.com/100006635122.html
满29元减15元,110808889381,美丽雅 保鲜盒 可微波冷藏密封一次性食品保鲜盒可多次使用食品接触pp材质 保鲜盒组合装(150+600+1000)ml*1个,,https://item.jd.com/10032509402646.html
满2元减1元/满99元减15元/满199元减30元/满399元减60元/满999元减150元,110628780104,响咖（XIANGKA）透明塑料长方形冰箱专用厨房商用密封收纳储物食品级大号 保鲜 盒子 【8818】透明款5.5L重401克,,https://item.jd.com/10036155868557.html
满2件/总价打5折,200148361396,京东超市 维达(Vinda) 抽纸 棉韧3层100抽*24包软抽 认准真M码 母婴可用 整箱销售 亲肤无刺激,Y,https://item.jd.com/100019264950.html
满2件/总价打5折,200148361396,京东超市 维达(Vinda) 抽纸 超韧10包*3层100抽纸巾 抽取式面巾纸 真S码 湿水不易破,Y,https://item.jd.com/100021015676.html
满2件/总价打5折,200148361396,京东超市 维达(Vinda) 抽纸 超韧四层国潮纸巾10包*4层20抽纸巾 L码（大规格）抽取式纸面巾 便携出行,Y,https://item.jd.com/100021015652.html
满99元减50元/满199元减100元,108833108376,维达【满99减50 199减100】卷纸4层200克27卷整箱蓝色经典加厚有芯卷筒纸巾卫生纸 大规格,,https://item.jd.com/54880537089.html
满99元减50元/满199元减100元,108833108376,维达【满99减50 199减100】蓝色有芯卷纸4层27卷整箱140克卫生纸擦手纸巾家用卷筒厕纸卷纸,Y,https://item.jd.com/17976532167.html
满99元减50元/满199元减100元,108833108376,维达【满99减50 199减100】抽纸4D立体美3层24包卫生纸3d整箱压花餐巾纸家用面巾纸巾,Y,https://item.jd.com/25790784709.html
满99元减50元/满199元减100元,108833108376,维达【满99减50 199减100】立体美抽纸棉韧3层108抽24包抽取式纸巾S码中规格4D压花整箱,Y,https://item.jd.com/25226201913.html
满99元减50元/满199元减100元,107599688549,维达【满99减50 满199减100】蓝色卷纸4层27卷整箱140克卫生纸批发擦手纸巾家用卷筒厕纸,Y,https://item.jd.com/31987122808.html
满99元减50元/满199元减100元,107599688549,维达【满99减50 满199减100】抽纸蓝色超韧3层130抽纸巾抽24包整箱面巾纸餐巾纸卫生纸抽,Y,https://item.jd.com/31986580179.html
满10元减5元/满120元减10元,108456371128,【神券99减50 199减100】维达卷纸4层27卷整箱140克卫生纸批发擦手纸巾家用卷筒厕纸,,https://item.jd.com/60323388538.html
每满99元/可减50元现金,109323817608,【满99减50 199减100】维达超韧抽纸3层130抽*24包 S码 餐巾纸卫生纸巾无香 蓝色,,https://item.jd.com/10025109002433.html
每满99元/可减50元现金,109323817608,【满99减50 199减100】维达棉韧抽纸3层108抽*24包 压花餐巾纸卫生纸巾无香 浅紫色,,https://item.jd.com/10025108819992.html
每满99元/可减50元现金,109323817608,【满99减50 199减100】维达倍韧抽纸3层120抽30包餐巾卫生纸（新旧规格随机发货 卡其色,,https://item.jd.com/10025108861749.html
满15元减7元/满25元减14元/满88元减35元,110433443115,维达抽纸24包软抽纸巾130抽24包整箱家用餐巾纸面巾纸擦手纸 110抽 6包（提装）,,https://item.jd.com/10021568853913.html
满99元减50元/满199元减100元,108199031277,维达【满99减50 满199减100】超韧抽纸3层130抽24包整箱S码餐巾纸卫生纸巾纸抽 蓝色,Y,https://item.jd.com/44494179392.html
满99元减50元/满199元减100元,108199031277,维达【满99减50 满199减100】卷纸4层180克27卷整箱卫生纸手纸卷筒纸巾 蓝色,Y,https://item.jd.com/44572333861.html
满99元减50元/满199元减100元,108199031277,维达【满99减50 满199减100】蓝色经典卷纸4层140克27卷整箱卫生纸有芯卷筒纸巾 蓝色,Y,https://item.jd.com/44567655568.html
满99元减50元/满199元减100元,109370757735,维达【满99减50 满199减100】超韧抽纸3层130抽24包整箱S码餐巾纸卫生纸巾纸抽 蓝色,,https://item.jd.com/45447898966.html
满99元减50元/满199元减100元,109370757735,维达【满99减50 满199减100】超韧无芯卷纸3层100克40卷整箱家用卫生纸巾卷筒纸,,https://item.jd.com/45447891495.html
满99元减50元/满199元减100元,108431976210,维达无芯卷纸巾共8斤40卷4层家用卫生纸长卷厕纸手纸共8斤(新旧款交替发货),,https://item.jd.com/42860824457.html
满99元减50元/满199元减100元,110450962529,维达[满199减100]卷纸4层27卷140g手纸整箱家用纸巾有芯卷筒纸卫生纸厕纸厕所手纸 蓝色,,https://item.jd.com/41496430771.html
满99元减50元/满199元减100元,105579084150,维达卷纸蓝色经典4层纸巾200g卫生纸整箱27卷有芯卷纸家庭装卷筒纸厕纸,,https://item.jd.com/45277428303.html
满90元减55元/满190元减110元,109938404993,维达卷纸家用整箱手纸4层140g27卷有芯厕纸卫生纸擦手纸,,https://item.jd.com/61607249869.html
满699元减380元,110899638633,阿尔郎平衡车儿童成人两轮电动平衡车智能新款手提体感车平行车小学生小孩双轮代步车思维车二轮漂移车玩具车 店长推荐n3白特价【蓝牙音乐+增高 ...,,https://item.jd.com/43152370737.html
满19元减10元,110894926777,可优比（KUB）儿童平衡车无脚踏单车 1-3岁婴儿学步车儿童自行车溜溜车滑行滑步车宝宝玩具遛娃神器 深空蓝【新配色】TPR把手,,https://item.jd.com/10026501226018.html
满19元减10元,110894926777,可优比（KUB）儿童平衡车无脚踏单车 1-3岁婴儿学步车儿童自行车溜溜车滑行滑步车宝宝玩具遛娃神器 巴布粉【新配色】TPR把手,,https://item.jd.com/10026501226019.html
满19元减10元,110894926777,可优比（KUB）儿童平衡车无脚踏单车 1-3岁婴儿学步车儿童自行车溜溜车滑行滑步车宝宝玩具遛娃神器 赛尔提克,,https://item.jd.com/55178436337.html
满19元减10元,110894926777,可优比（KUB）儿童平衡车无脚踏单车 1-3岁婴儿学步车儿童自行车溜溜车滑行滑步车宝宝玩具遛娃神器 乘风绿【新配色】TPR把手,,https://item.jd.com/10026501226020.html
满699元减400元,110899633645,阿尔郎平衡车儿童成人两轮电动平衡车智能新款手提体感车平行车小学生小孩双轮代步车思维车二轮漂移车玩具车 a8大轮10吋蓝【蓝牙音乐+发光轮+app ...,,https://item.jd.com/43152370751.html
满699元减370元,110899602803,阿尔郎（AERLANG） 成人智能双轮电动儿童平衡车体感车蓝牙平衡车扭扭车两轮思维车 N3 标配白色【蓝牙音乐+增高底盘】,,https://item.jd.com/44070410191.html
满709元减430元,110899640886,阿尔郎平衡车儿童成人两轮电动平衡车智能新款手提体感车平行车小学生小孩双轮代步车思维车二轮漂移车玩具车 n11特惠价白【蓝牙音乐+限购一台】 ...,,https://item.jd.com/43152370740.html
满599元减320元,110164876800,一狂客 平衡车儿童智能电动两轮体感车成人双轮扭扭车小学生思维平行车 7寸【迷彩粉】蓝牙跑马灯10-15公里（店长推荐),,https://item.jd.com/10030720389452.html
满599元减320元,110822005341,凤凰电动平衡车儿童两轮成人智能小孩思双轮维体感平行车 6.5吋钢琴白【自平衡防抖+发光轮+蓝牙音乐】,,https://item.jd.com/10025761106405.html
满100元减50元,110912991440,德国芝浦 三用型轻型电锤 大功率冲击钻电锤电钻电镐三用 多功能家用电动 工具 手电钻轻电锤 工具 箱套装 【20汽缸·升级电机】两用型（标准配件·无钻头）,,https://item.jd.com/27425722870.html
满100元减50元,110912991440,角磨机充电式无刷电机充电角磨机大功率锂电打磨机多功能手磨机砂轮磨光机配切割片电磨机电动 工具 升级款【无刷电机·急速切割】单电-精品磨片,,https://item.jd.com/10025320883945.html
满100元减50元,200145250007,京东超市 威露士 抗菌有氧洗衣液套装20.24斤 除菌除螨（原味瓶装2kg和1kg+原味袋装1kgx7+消毒液60mlx2）杀菌率达99%,Y,https://item.jd.com/100000671417.html
满2件/总价打5折,200144753354,京东超市 威露士 消毒液1.2L 手部皮肤 衣物地板玩具宠物用品等多用途可用消毒水 松木清香 杀菌率99.999%,Y,https://item.jd.com/100011379396.html
满2件/总价打5折,200144753354,京东超市 威露士 抗菌有氧洗衣液套装（原味2L+柠檬袋装500ml*10+手洗洗衣液90ml+消毒液60ml*2 ）杀菌率达99%,Y,https://item.jd.com/100024848970.html
满2件/总价打5折,200144753354,京东超市 威露士 保湿水透沐浴露（茶树叶味）800ml,Y,https://item.jd.com/100024451120.html
满2件/总价打5折,200144753354,京东超市 纺优美洗衣珠（薰衣草）袋装12g*8粒,Y,https://item.jd.com/100011452757.html
满2件/总价打5折,200144753354,京东超市 纺优美杀菌洗衣珠袋装12g*8粒,Y,https://item.jd.com/100021710266.html
满2件/总价打5折,200144753354,京东超市 威露士 抗菌有氧手洗洗衣液超值套装（3L+2.25L*2+1L+内衣净300g）湿巾10片装*2+洗衣珠1粒*5袋旅行装,Y,https://item.jd.com/100020763160.html
满100元减50元/包邮（限中国内地）,110316078240,【店铺主推】 威露士 抑菌洗手液480ml 健康呵护 有效抑菌99.9%,,https://item.jd.com/65758486224.html
满2件/总价打5折/包邮（限中国内地）,110787886534,威露士 消毒杀菌喷雾500ml 浴室厕板杀菌喷雾,,https://item.jd.com/10020583486645.html
满2件/总价打5折/包邮（限中国内地）,110787886534,威露士 家居消毒液家具玩具地板消毒清洁除菌1L家庭清洁多用途,,https://item.jd.com/1789418550.html
满2件/总价打5折/包邮（限中国内地）,110787886534,威露士 多用途消毒液1L 清新青柠衣物家居杀菌 青柠味,,https://item.jd.com/68626564105.html
满2件/总价打5折/包邮（限中国内地）,110787886534,威露士 有氧洗洗衣液2L持久留香有效除菌家用机洗手洗,,https://item.jd.com/1451616274.html
满2件/总价打5折/包邮（限中国内地）,110787886534,威露士 沐浴洗发水二合一氨基酸沐浴露600ml 活力,,https://item.jd.com/65757858217.html
满2件/总价打5折/包邮（限中国内地）,110787886534,威露士 抗菌有氧洗衣液袋装4斤装 除菌除螨99% 松木,,https://item.jd.com/10024828396028.html
满2件/总价打5折/包邮（限中国内地）,110787886534,威露士 抗菌有氧洗衣液袋装4斤装 除菌除螨99% 原味,,https://item.jd.com/10024828396029.html
每满199元/可减100元现金,108476413847,威露士 菁华除菌洗衣液家庭装深层洁净18斤,,https://item.jd.com/12758853115.html
每满199元/可减100元现金,107585441484,威露士 洗衣液内衣裤除菌有氧洗洁净去污 除螨18斤薰衣草,,https://item.jd.com/48921111437.html
每满199元/可减100元现金,107585441484,威露士 洗衣液内衣裤除菌有氧洗洁净去污 除螨18斤原味,,https://item.jd.com/66106661433.html
每满99元/可减50元现金,110423593082,威露士 （Walch）衣物消毒液家居消毒水1L,,https://item.jd.com/1016424598.html
满99元减50元/满199元减100元,110246403508,【满199减100】 威露士 （Walch）抗菌有氧洗衣液3L 薰衣草香型,,https://item.jd.com/67816673063.html
满2件/总价打5折,108419557482,威露士 抗菌有氧除菌除螨洗衣液机洗 4斤洁净去污,,https://item.jd.com/32793790977.html
满2件/总价打5折,108419557482,威露士 抗菌有氧除菌除螨洗衣液机洗 6斤大容量除菌除螨99% 原味,,https://item.jd.com/42904668093.html
满2件/总价打5折,108419557482,威露士 抗菌有氧除菌除螨洗衣液机洗 6斤大容量除菌除螨99% 薰衣草,,https://item.jd.com/71526240228.html
满2件/总价打5折,108419557482,威露士 内衣净300g 内外衣裤手洗专用温和不刺激男女通用 抑菌99%,,https://item.jd.com/15434128119.html
满2件/总价打5折,108419557482,威露士 衣物消毒液除菌液1.6L 清新衣物织物消毒水杀菌99.9% 1瓶,,https://item.jd.com/65370714102.html
满2件/总价打5折,108022759780,威露士 亮净厨房去重油污剂油烟机灶台去油渍 渗透洁净配方1L,,https://item.jd.com/13542241921.html
满29元减10元/满39元减20元/满69元减30元/满79元减40元,110558436473,南极人10双装男士袜子男夏季短袜时尚撞色百搭字母印花透气男袜吸汗船袜男低帮防磨后跟运动袜浅口薄款 混色 均码,Y,https://item.jd.com/10026848978960.html
满29元减10元/满39元减20元/满69元减30元/满79元减40元,110558436473,南极人袜子男士袜子秋冬天黑色商务男袜四季休闲舒适长袜吸汗透气中筒袜男10双装 中筒袜黑色 均码,Y,https://item.jd.com/1547537665.html
满1件/总价打5折,200144083462,京东超市 清野の木 布艺收纳箱4号 麻质可折叠收纳箱衣物整理箱储物箱,Y,https://item.jd.com/100020466610.html
每满99元/可减50元现金,200149909840,京东超市 太力 铁艺门后挂钩 门背式无痕挂衣架双层卧室门后挂钩神器门上免打孔挂衣架1个装【适用门厚度4.5cm以内】,Y,https://item.jd.com/100018805766.html
每满99元/可减50元现金,200149909840,京东超市 太力浴室拖鞋架免打孔卫生间置物架门后厕所收纳挂架沥水壁挂 双人款1个装,Y,https://item.jd.com/100006964689.html
每满99元/可减50元现金,200149909840,京东超市 太力香皂盒肥皂盒壁挂卫生间浴室置物架免打孔吸盘沥水肥皂香皂架1个,Y,https://item.jd.com/8708964.html
满100元减50元/满200元减100元,200141354705,京东超市 博滴BodyAid防脱生姜洗发水固发密发控油洗头膏300ml 防脱固发 强健发根 男女士养发,Y,https://item.jd.com/100016014720.html
满3件/总价打5折,200149238100,美国进口 Aussie紫袋鼠水润保湿 洗发 水 控油 洗发 露 360ml/瓶 滋养修护毛躁损伤,,https://item.jd.com/100002679275.html
满3件/总价打5折,200149238100,京东国际 美国进口 Aussie紫袋鼠丰盈清爽蓬松保湿控油洗发水 洗发露 360ml/瓶 滋养修护毛躁损伤,,https://item.jd.com/100004172252.html
满3件/总价打5折,200149238100,京东国际 露华浓(Revlon)洗发水生姜洗发露无硅油洗发液控油强韧发根保湿男女士通用洗发膏 600ml,,https://item.jd.com/8894379.html
满2件/总价打5折,200143543456,京东超市 滋源无患子洗发水 控油轻盈洗发露洗头膏400ml（无硅油 男女士 补水控油 清爽蓬松）,Y,https://item.jd.com/100018777316.html
满99元减50元/满199元减100元,200142044909,京东超市 霸王育发防脱洗发水380ml+毛囊滋养原液55ml生姜汁控油洗头膏洗护套装（男女士增发密发）,Y,https://item.jd.com/3242983.html
满200元减109元,110749709859,京东超市 三谷洗发水进化论神经酰胺套装控油去头皮护养柔顺光泽发丝洗发露洗头膏 424头皮洗发水420ml,,https://item.jd.com/71137876140.html
满94元减30元/满188元减100元/包邮（限中国内地）,110416215370,京东超市 三谷海盐头皮磨砂膏洗头洗发头皮护理清爽控油蓬松 海盐头皮磨砂膏12g*8,,https://item.jd.com/10033300163468.html
满149元减60元/满298元减149元,110759849606,京东超市 三谷生姜防脱洗发水 育发固发养发防掉发修护强韧发根滋养头皮男女士洗发露 生姜洗发水420ml,,https://item.jd.com/10024208320529.html
满2件/总价打5折,200139909477,京东超市 三谷植物固发洗发水420ml生姜强韧发根固发养发修护滋养头皮【拍两瓶/第二瓶0元】,,https://item.jd.com/100019027456.html
满408元减228元/包邮（限中国内地）,110784461242,巴拉巴拉旗下Badibadi 男 童 运动套装春秋 童 装2021新款中大儿童卫衣运动两件套气韩版潮 黑色 150码,,https://item.jd.com/10035032471621.html
满499元减279元/包邮（限中国内地）,110835980140,巴拉巴拉旗下Badibadi 女 童 套装长袖洋气 童 装2021秋季新款网红儿童运动服时髦两件套 绿色 110,,https://item.jd.com/10036055699253.html
EOF
